{"epoch":23,"val/fp":2633,"val/fn":3443,"train/recall":0.5242382271465723,"final_recall":0.35374149659788745,"lr":0.0005631039501653701,"val/precision":0.32383153569511086,"_wandb":{"runtime":10113},"_runtime":10113,"val/tp":1261,"val/recall":0.2680697278905866,"final_precision":0.3329331732686416,"val/loss":0.00933966413140297,"val/f1":0.2933240238876106,"train/precision":0.3739010174848122,"val/n_selected":3894,"_timestamp":1.777254854761285e+09,"best_epoch":13,"_step":22,"train/loss":0.01841910102256007,"train/f1":0.4364873387367652,"best_f1":0.3430220523116559}