{"train/loss":1.2207202058413933,"val/loss":2.020269917719292,"best_mDice":0.7141115673858991,"_timestamp":1.77728585833687e+09,"_runtime":449,"best_epoch":7,"epoch":17,"val/dice_tls":0.7148724248591158,"_wandb":{"runtime":449},"val/mDice":0.6936527937958225,"_step":16,"val/dice_gc":0.6724331627325291,"lr":0.00023897696170940326}