{
  "Cascade v3.7": {
    "tls": {
      "n": 165,
      "r2": 0.7068646621653325,
      "spearman": 0.9093562951721138,
      "pearson": 0.8658056269509042,
      "mae": 4.121212121212121
    },
    "gc": {
      "n": 165,
      "r2": 0.9114702483431995,
      "spearman": 0.9081076790532012,
      "pearson": 0.9579507631578157,
      "mae": 0.22424242424242424
    },
    "n_slides": 165
  },
  "Cascade v3.10 (hi-prec)": {
    "tls": {
      "n": 165,
      "r2": 0.28201395119905215,
      "spearman": 0.8316835369694682,
      "pearson": 0.837187055105637,
      "mae": 7.218181818181818
    },
    "gc": {
      "n": 165,
      "r2": 0.7402478715124643,
      "spearman": 0.8605627525163738,
      "pearson": 0.9033008903161588,
      "mae": 0.3939393939393939
    },
    "n_slides": 165
  },
  "Cascade v3.11 (joint ft)": {
    "tls": {
      "n": 165,
      "r2": 0.7494465101892878,
      "spearman": 0.9088609416241075,
      "pearson": 0.8746749882430376,
      "mae": 4.024242424242424
    },
    "gc": {
      "n": 165,
      "r2": 0.9056331218603335,
      "spearman": 0.8926750079995011,
      "pearson": 0.9575157818381881,
      "mae": 0.23636363636363636
    },
    "n_slides": 165
  },
  "HookNet-TLS": {
    "tls": {
      "n": 68,
      "r2": 0.169546066413375,
      "spearman": 0.715849927987623,
      "pearson": 0.5263197583892423,
      "mae": 5.220588235294118
    },
    "gc": {
      "n": 68,
      "r2": -1.5012831479897342,
      "spearman": 0.22074827772440242,
      "pearson": 0.004385727071666098,
      "mae": 1.2058823529411764
    },
    "n_slides": 68
  }
}