{
  "Cascade v3.7": {
    "tls": {
      "n": 165,
      "r2": 0.7068646621653325,
      "spearman": 0.9093562951721138,
      "pearson": 0.8658056269509042,
      "mae": 4.121212121212121
    },
    "gc": {
      "n": 165,
      "r2": 0.9114702483431995,
      "spearman": 0.9081076790532012,
      "pearson": 0.9579507631578157,
      "mae": 0.22424242424242424
    },
    "n_slides": 165
  },
  "Cascade v3.10 (hi-prec)": {
    "tls": {
      "n": 165,
      "r2": 0.28201395119905215,
      "spearman": 0.8316835369694682,
      "pearson": 0.837187055105637,
      "mae": 7.218181818181818
    },
    "gc": {
      "n": 165,
      "r2": 0.7402478715124643,
      "spearman": 0.8605627525163738,
      "pearson": 0.9033008903161588,
      "mae": 0.3939393939393939
    },
    "n_slides": 165
  },
  "Cascade v3.11 (joint ft)": {
    "tls": {
      "n": 165,
      "r2": 0.7494465101892878,
      "spearman": 0.9088609416241075,
      "pearson": 0.8746749882430376,
      "mae": 4.024242424242424
    },
    "gc": {
      "n": 165,
      "r2": 0.9056331218603335,
      "spearman": 0.8926750079995011,
      "pearson": 0.9575157818381881,
      "mae": 0.23636363636363636
    },
    "n_slides": 165
  },
  "HookNet-TLS": {
    "tls": {
      "n": 60,
      "r2": 0.1473602618206873,
      "spearman": 0.7292287062733093,
      "pearson": 0.5174653640512191,
      "mae": 5.6
    },
    "gc": {
      "n": 60,
      "r2": -1.5634328358208953,
      "spearman": 0.21754462225275914,
      "pearson": -0.006061799241064361,
      "mae": 1.35
    },
    "n_slides": 60
  }
}