{"final_precision":0.5292788552051793,"val/recall":0.5727040816314356,"val/loss":0.008418052457273006,"final_recall":0.5975765306109746,"_timestamp":1.7772633766209843e+09,"epoch":45,"val/tp":2694,"val/fp":2274,"train/f1":0.8371432522237905,"best_epoch":35,"best_f1":0.5613579580726632,"train/precision":0.7384707667334468,"_runtime":18639,"val/n_selected":4968,"train/recall":0.9662511542008466,"lr":2.5447270110570804e-05,"val/fn":2010,"_step":44,"_wandb":{"runtime":18639},"val/precision":0.5422705313998747,"train/loss":0.0024262247454936068,"val/f1":0.55707195530034}