{"val/s1_f1":0.0048788987141637,"epoch":11,"_wandb":{"runtime":1421},"val/selected":0.9051724137931034,"val/dice_gc":8.240133305580564e-08,"best_epoch":1,"_timestamp":1.777301736637381e+09,"_runtime":1421,"_step":10,"val/s1_recall":0.002445414847157301,"train/loss":0.08936516683539643,"best_gc_dice":0.6550302178654407,"train/s1_loss":0.059706844706426364,"lr":7.3303148938411025e-06,"val/dice_tls":0.009231165216761062,"train/pixel_loss":0.059316644621470176}