{"val/mDice":0.698450949811538,"epoch":18,"val/dice_gc":0.6871766497221045,"_wandb":{"runtime":534},"_timestamp":1.7772920694768872e+09,"lr":0.00023071235297450588,"train/loss":1.201055271187048,"best_mDice":0.717764744535546,"_runtime":534,"val/dice_tls":0.7097252499009715,"_step":17,"best_epoch":8,"val/loss":1.9271111687024434}