{
  "architecture": "Cascade v3.37",
  "n_slides": 165,
  "n_pos": 124,
  "n_neg": 41,
  "segmentation": {
    "tls_dice_mean": 0.6062674896648163,
    "tls_dice_std": 0.20373146359062536,
    "tls_dice_ci95": [
      0.5673914629694297,
      0.6398091233502303
    ],
    "tls_iou_mean": 0.4622714569868792,
    "tls_iou_ci95": [
      0.428921822754559,
      0.4946552838395025
    ],
    "gc_dice_mean": 0.8313114745912209,
    "gc_dice_std": 0.28390629743390766,
    "gc_dice_ci95": [
      0.7817587114671292,
      0.8773272169835294
    ],
    "gc_iou_mean": 0.7870787770289263,
    "gc_iou_ci95": [
      0.7295895764976238,
      0.8436719335470518
    ],
    "mDice": 0.7187894821280185,
    "mIoU": 0.6246751170079028
  },
  "by_cancer_type": {
    "BLCA": {
      "n_slides": 39,
      "tls_dice_mean": 0.6259055904305013,
      "tls_dice_std": 0.21693589190906173,
      "gc_dice_mean": 0.7534943563142285,
      "gc_dice_std": 0.3367137474931552,
      "mDice": 0.6896999733723649
    },
    "KIRC": {
      "n_slides": 28,
      "tls_dice_mean": 0.5750578572903301,
      "tls_dice_std": 0.229239204181557,
      "gc_dice_mean": 0.9476190523015867,
      "gc_dice_std": 0.1325372948655464,
      "mDice": 0.7613384547959584
    },
    "LUSC": {
      "n_slides": 57,
      "tls_dice_mean": 0.6081619418862882,
      "tls_dice_std": 0.18405635060238779,
      "gc_dice_mean": 0.8274212190984571,
      "gc_dice_std": 0.28649265180211986,
      "mDice": 0.7177915804923727
    }
  },
  "regression": {
    "tls": {
      "spearman": 0.9106722363306063,
      "pearson": 0.889671864183702,
      "r2": 0.7724162176344918,
      "mae": 4.3090909090909095,
      "spearman_ci95": [
        0.8756720935519117,
        0.9346692175391708
      ],
      "pearson_ci95": [
        0.8303793271102871,
        0.947492299940255
      ],
      "r2_ci95": [
        0.5464752486992769,
        0.888251434545519
      ],
      "mae_ci95": [
        3.208636363636364,
        5.308333333333332
      ]
    },
    "gc": {
      "spearman": 0.9072032786087173,
      "pearson": 0.9670020354115143,
      "r2": 0.8842303247564915,
      "mae": 0.28484848484848485,
      "spearman_ci95": [
        0.8402355206355141,
        0.9606779069377818
      ],
      "pearson_ci95": [
        0.9524355581594638,
        0.9810375646680854
      ],
      "r2_ci95": [
        0.7804277848928399,
        0.9460208402847129
      ],
      "mae_ci95": [
        0.1696969696969697,
        0.40606060606060607
      ]
    }
  },
  "classification": {
    "tls": {
      "precision": 0.8768115942028986,
      "recall": 0.9758064516129032,
      "f1": 0.9236641221374046,
      "balanced_acc": 0.7805861526357198,
      "n_pos": 124,
      "n_neg": 41,
      "tp": 121,
      "fp": 17,
      "fn": 3,
      "tn": 24,
      "auroc": 0.9326317859952793,
      "auprc": 0.9725037891189235
    },
    "gc": {
      "precision": 0.8260869565217391,
      "recall": 0.9743589743589743,
      "f1": 0.8941176470588236,
      "balanced_acc": 0.9554334554334554,
      "n_pos": 39,
      "n_neg": 126,
      "tp": 38,
      "fp": 8,
      "fn": 1,
      "tn": 118,
      "auroc": 0.9771062271062272,
      "auprc": 0.9336133206049055
    }
  },
  "fp_rate": {
    "tls_fp_rate": 0.4146341463414634,
    "tls_fp_count": 17,
    "tls_mean_pred_per_neg": 0.926829268292683,
    "gc_fp_rate": 0.04878048780487805,
    "gc_fp_count": 2,
    "gc_mean_pred_per_neg": 0.0975609756097561,
    "n_neg_slides": 41
  },
  "buckets": {
    "tls_3class": {
      "labels": [
        "0",
        "1-5",
        "6+"
      ],
      "confusion_matrix": [
        [
          24,
          16,
          1
        ],
        [
          3,
          35,
          12
        ],
        [
          0,
          6,
          68
        ]
      ],
      "per_bin": {
        "0": {
          "n_slides_gt": 41,
          "precision": 0.8888888888888888,
          "recall": 0.5853658536585366,
          "f1": 0.7058823529411764
        },
        "1-5": {
          "n_slides_gt": 50,
          "precision": 0.6140350877192983,
          "recall": 0.7,
          "f1": 0.6542056074766356
        },
        "6+": {
          "n_slides_gt": 74,
          "precision": 0.8395061728395061,
          "recall": 0.918918918918919,
          "f1": 0.8774193548387097
        }
      },
      "macro_f1": 0.7458357717521739,
      "balanced_acc": 0.7347615908591517
    },
    "tls_4class": {
      "labels": [
        "0",
        "1-3",
        "4-10",
        "11+"
      ],
      "confusion_matrix": [
        [
          24,
          14,
          3,
          0
        ],
        [
          3,
          20,
          11,
          0
        ],
        [
          0,
          5,
          24,
          17
        ],
        [
          0,
          0,
          4,
          40
        ]
      ],
      "per_bin": {
        "0": {
          "n_slides_gt": 41,
          "precision": 0.8888888888888888,
          "recall": 0.5853658536585366,
          "f1": 0.7058823529411764
        },
        "1-3": {
          "n_slides_gt": 34,
          "precision": 0.5128205128205128,
          "recall": 0.5882352941176471,
          "f1": 0.547945205479452
        },
        "4-10": {
          "n_slides_gt": 46,
          "precision": 0.5714285714285714,
          "recall": 0.5217391304347826,
          "f1": 0.5454545454545454
        },
        "11+": {
          "n_slides_gt": 44,
          "precision": 0.7017543859649122,
          "recall": 0.9090909090909091,
          "f1": 0.792079207920792
        }
      },
      "macro_f1": 0.6478403279489915,
      "balanced_acc": 0.6511077968254688
    },
    "gc_2class": {
      "labels": [
        "0",
        "\u22651"
      ],
      "confusion_matrix": [
        [
          118,
          8
        ],
        [
          1,
          38
        ]
      ],
      "per_bin": {
        "0": {
          "n_slides_gt": 126,
          "precision": 0.9915966386554622,
          "recall": 0.9365079365079365,
          "f1": 0.963265306122449
        },
        "\u22651": {
          "n_slides_gt": 39,
          "precision": 0.8260869565217391,
          "recall": 0.9743589743589743,
          "f1": 0.8941176470588235
        }
      },
      "macro_f1": 0.9286914765906362,
      "balanced_acc": 0.9554334554334554
    }
  }
}