{
  "architecture": "Cascade v3.38 (dual-\u03c3 Stage 2)",
  "n_slides": 165,
  "n_pos": 124,
  "n_neg": 41,
  "segmentation": {
    "tls_dice_mean": 0.6069493860801984,
    "tls_dice_std": 0.20326766617972372,
    "tls_dice_ci95": [
      0.5681317183962951,
      0.6409811304564771
    ],
    "tls_iou_mean": 0.4629037436358698,
    "tls_iou_ci95": [
      0.42999850627398717,
      0.4950511243797432
    ],
    "gc_dice_mean": 0.7980671099451586,
    "gc_dice_std": 0.3181251937953615,
    "gc_dice_ci95": [
      0.7373441424722306,
      0.8512979618952449
    ],
    "gc_iou_mean": 0.7539557275430049,
    "gc_iou_ci95": [
      0.6890714766997788,
      0.8143032263632546
    ],
    "mDice": 0.7025082480126785,
    "mIoU": 0.6084297355894374
  },
  "by_cancer_type": {
    "BLCA": {
      "n_slides": 39,
      "tls_dice_mean": 0.6280802037079916,
      "tls_dice_std": 0.2160727873748736,
      "gc_dice_mean": 0.6910559949303139,
      "gc_dice_std": 0.3720080960024483,
      "mDice": 0.6595680993191527
    },
    "KIRC": {
      "n_slides": 28,
      "tls_dice_mean": 0.5796832293472244,
      "tls_dice_std": 0.22965339542295876,
      "gc_dice_mean": 0.9169283502031684,
      "gc_dice_std": 0.21653182705894697,
      "mDice": 0.7483057897751964
    },
    "LUSC": {
      "n_slides": 57,
      "tls_dice_mean": 0.6058853597826426,
      "tls_dice_std": 0.18356508599799418,
      "gc_dice_mean": 0.8128972636005037,
      "gc_dice_std": 0.3038380573364871,
      "mDice": 0.7093913116915731
    }
  },
  "regression": {
    "tls": {
      "spearman": 0.9105193511205568,
      "pearson": 0.88875350155059,
      "r2": 0.753969350262333,
      "mae": 4.442424242424242,
      "spearman_ci95": [
        0.8734644655868757,
        0.9344931979268192
      ],
      "pearson_ci95": [
        0.8192433353623965,
        0.9463916202587682
      ],
      "r2_ci95": [
        0.46161215238003295,
        0.8806875520138665
      ],
      "mae_ci95": [
        3.339090909090909,
        5.473939393939393
      ]
    },
    "gc": {
      "spearman": 0.8671497025225726,
      "pearson": 0.952980098213491,
      "r2": 0.8365604584797528,
      "mae": 0.4,
      "spearman_ci95": [
        0.7806560557239545,
        0.9366330510723427
      ],
      "pearson_ci95": [
        0.9213476640036761,
        0.9747398719735979
      ],
      "r2_ci95": [
        0.6783947810325244,
        0.9160391576033357
      ],
      "mae_ci95": [
        0.2545454545454545,
        0.5454545454545454
      ]
    }
  },
  "classification": {
    "tls": {
      "precision": 0.8768115942028986,
      "recall": 0.9758064516129032,
      "f1": 0.9236641221374046,
      "balanced_acc": 0.7805861526357198,
      "n_pos": 124,
      "n_neg": 41,
      "tp": 121,
      "fp": 17,
      "fn": 3,
      "tn": 24,
      "auroc": 0.931549960660897,
      "auprc": 0.972228950867613
    },
    "gc": {
      "precision": 0.7708333333333334,
      "recall": 0.9487179487179487,
      "f1": 0.8505747126436781,
      "balanced_acc": 0.9307081807081807,
      "n_pos": 39,
      "n_neg": 126,
      "tp": 37,
      "fp": 11,
      "fn": 2,
      "tn": 115,
      "auroc": 0.9615384615384615,
      "auprc": 0.9095765345765346
    }
  },
  "fp_rate": {
    "tls_fp_rate": 0.4146341463414634,
    "tls_fp_count": 17,
    "tls_mean_pred_per_neg": 0.9512195121951219,
    "gc_fp_rate": 0.04878048780487805,
    "gc_fp_count": 2,
    "gc_mean_pred_per_neg": 0.0975609756097561,
    "n_neg_slides": 41
  },
  "buckets": {
    "tls_3class": {
      "labels": [
        "0",
        "1-5",
        "6+"
      ],
      "confusion_matrix": [
        [
          24,
          16,
          1
        ],
        [
          3,
          35,
          12
        ],
        [
          0,
          6,
          68
        ]
      ],
      "per_bin": {
        "0": {
          "n_slides_gt": 41,
          "precision": 0.8888888888888888,
          "recall": 0.5853658536585366,
          "f1": 0.7058823529411764
        },
        "1-5": {
          "n_slides_gt": 50,
          "precision": 0.6140350877192983,
          "recall": 0.7,
          "f1": 0.6542056074766356
        },
        "6+": {
          "n_slides_gt": 74,
          "precision": 0.8395061728395061,
          "recall": 0.918918918918919,
          "f1": 0.8774193548387097
        }
      },
      "macro_f1": 0.7458357717521739,
      "balanced_acc": 0.7347615908591517
    },
    "tls_4class": {
      "labels": [
        "0",
        "1-3",
        "4-10",
        "11+"
      ],
      "confusion_matrix": [
        [
          24,
          14,
          3,
          0
        ],
        [
          3,
          19,
          12,
          0
        ],
        [
          0,
          5,
          22,
          19
        ],
        [
          0,
          0,
          4,
          40
        ]
      ],
      "per_bin": {
        "0": {
          "n_slides_gt": 41,
          "precision": 0.8888888888888888,
          "recall": 0.5853658536585366,
          "f1": 0.7058823529411764
        },
        "1-3": {
          "n_slides_gt": 34,
          "precision": 0.5,
          "recall": 0.5588235294117647,
          "f1": 0.5277777777777778
        },
        "4-10": {
          "n_slides_gt": 46,
          "precision": 0.5365853658536586,
          "recall": 0.4782608695652174,
          "f1": 0.5057471264367817
        },
        "11+": {
          "n_slides_gt": 44,
          "precision": 0.6779661016949152,
          "recall": 0.9090909090909091,
          "f1": 0.7766990291262135
        }
      },
      "macro_f1": 0.6290265715704874,
      "balanced_acc": 0.6328852904316069
    },
    "gc_2class": {
      "labels": [
        "0",
        "\u22651"
      ],
      "confusion_matrix": [
        [
          115,
          11
        ],
        [
          2,
          37
        ]
      ],
      "per_bin": {
        "0": {
          "n_slides_gt": 126,
          "precision": 0.9829059829059829,
          "recall": 0.9126984126984127,
          "f1": 0.9465020576131686
        },
        "\u22651": {
          "n_slides_gt": 39,
          "precision": 0.7708333333333334,
          "recall": 0.9487179487179487,
          "f1": 0.8505747126436781
        }
      },
      "macro_f1": 0.8985383851284234,
      "balanced_acc": 0.9307081807081807
    }
  }
}