{
  "architecture": "GNCAF v3.63 (dual-\u03c3, heavy)",
  "n_slides": 165,
  "n_pos": 124,
  "n_neg": 41,
  "segmentation": {
    "tls_dice_mean": 0.19995846363358177,
    "tls_dice_std": 0.15047224057496536,
    "tls_dice_ci95": [
      0.1748243607953732,
      0.22473753985920505
    ],
    "tls_iou_mean": 0.11974681358492252,
    "tls_iou_ci95": [
      0.10263313233693674,
      0.13696302599646842
    ],
    "gc_dice_mean": 0.6690853062372841,
    "gc_dice_std": 0.4238043191481906,
    "gc_dice_ci95": [
      0.590258189519443,
      0.7451249922049261
    ],
    "gc_iou_mean": 0.6409164052943738,
    "gc_iou_ci95": [
      0.5582743051469045,
      0.7218502005027498
    ],
    "mDice": 0.434521884935433,
    "mIoU": 0.38033160943964817
  },
  "by_cancer_type": {
    "BLCA": {
      "n_slides": 39,
      "tls_dice_mean": 0.25033869249178026,
      "tls_dice_std": 0.1653016520237428,
      "gc_dice_mean": 0.6588029516538869,
      "gc_dice_std": 0.4005403184636363,
      "mDice": 0.4545708220728336
    },
    "KIRC": {
      "n_slides": 28,
      "tls_dice_mean": 0.16720275341750326,
      "tls_dice_std": 0.1568464953224053,
      "gc_dice_mean": 0.7275481392600464,
      "gc_dice_std": 0.4324039634169814,
      "mDice": 0.4473754463387748
    },
    "LUSC": {
      "n_slides": 57,
      "tls_dice_mean": 0.181578305047274,
      "tls_dice_std": 0.1307088864334751,
      "gc_dice_mean": 0.6474020168357955,
      "gc_dice_std": 0.44320898897064953,
      "mDice": 0.41449016094153474
    }
  },
  "regression": {
    "tls": {
      "spearman": 0.6477571824935634,
      "pearson": 0.47759823399554235,
      "r2": -7.665722079168194,
      "mae": 40.53333333333333,
      "spearman_ci95": [
        0.5480698053828953,
        0.7189154611986106
      ],
      "pearson_ci95": [
        0.37679993559575564,
        0.5924573563211911
      ],
      "r2_ci95": [
        -17.403694628505065,
        -3.8514083013471043
      ],
      "mae_ci95": [
        35.410909090909094,
        45.415303030303036
      ]
    },
    "gc": {
      "spearman": 0.6234955150916113,
      "pearson": 0.37837797361477915,
      "r2": -0.6557982123063137,
      "mae": 1.0303030303030303,
      "spearman_ci95": [
        0.48701106830981955,
        0.749754570818693
      ],
      "pearson_ci95": [
        0.2643821742320967,
        0.6838153951862869
      ],
      "r2_ci95": [
        -4.33321846296742,
        0.4357194868704578
      ],
      "mae_ci95": [
        0.6363636363636364,
        1.60030303030303
      ]
    }
  },
  "classification": {
    "tls": {
      "precision": 0.7560975609756098,
      "recall": 1.0,
      "f1": 0.8611111111111112,
      "balanced_acc": 0.5121951219512195,
      "n_pos": 124,
      "n_neg": 41,
      "tp": 124,
      "fp": 40,
      "fn": 0,
      "tn": 1,
      "auroc": 0.8113690007867821,
      "auprc": 0.9278571102987676
    },
    "gc": {
      "precision": 0.675,
      "recall": 0.6923076923076923,
      "f1": 0.6835443037974683,
      "balanced_acc": 0.7945665445665446,
      "n_pos": 39,
      "n_neg": 126,
      "tp": 27,
      "fp": 13,
      "fn": 12,
      "tn": 113,
      "auroc": 0.7982295482295482,
      "auprc": 0.5739065684717859
    }
  },
  "fp_rate": {
    "tls_fp_rate": 0.975609756097561,
    "tls_fp_count": 40,
    "tls_mean_pred_per_neg": 23.682926829268293,
    "gc_fp_rate": 0.12195121951219512,
    "gc_fp_count": 5,
    "gc_mean_pred_per_neg": 0.21951219512195122,
    "n_neg_slides": 41
  },
  "buckets": {
    "tls_3class": {
      "labels": [
        "0",
        "1-5",
        "6+"
      ],
      "confusion_matrix": [
        [
          1,
          6,
          34
        ],
        [
          0,
          4,
          46
        ],
        [
          0,
          0,
          74
        ]
      ],
      "per_bin": {
        "0": {
          "n_slides_gt": 41,
          "precision": 1.0,
          "recall": 0.024390243902439025,
          "f1": 0.047619047619047616
        },
        "1-5": {
          "n_slides_gt": 50,
          "precision": 0.4,
          "recall": 0.08,
          "f1": 0.13333333333333333
        },
        "6+": {
          "n_slides_gt": 74,
          "precision": 0.4805194805194805,
          "recall": 1.0,
          "f1": 0.6491228070175439
        }
      },
      "macro_f1": 0.27669172932330827,
      "balanced_acc": 0.36813008130081304
    },
    "tls_4class": {
      "labels": [
        "0",
        "1-3",
        "4-10",
        "11+"
      ],
      "confusion_matrix": [
        [
          1,
          3,
          7,
          30
        ],
        [
          0,
          2,
          6,
          26
        ],
        [
          0,
          0,
          0,
          46
        ],
        [
          0,
          0,
          0,
          44
        ]
      ],
      "per_bin": {
        "0": {
          "n_slides_gt": 41,
          "precision": 1.0,
          "recall": 0.024390243902439025,
          "f1": 0.047619047619047616
        },
        "1-3": {
          "n_slides_gt": 34,
          "precision": 0.4,
          "recall": 0.058823529411764705,
          "f1": 0.10256410256410256
        },
        "4-10": {
          "n_slides_gt": 46,
          "precision": 0.0,
          "recall": 0.0,
          "f1": 0.0
        },
        "11+": {
          "n_slides_gt": 44,
          "precision": 0.3013698630136986,
          "recall": 1.0,
          "f1": 0.4631578947368421
        }
      },
      "macro_f1": 0.15333526122999808,
      "balanced_acc": 0.27080344332855094
    },
    "gc_2class": {
      "labels": [
        "0",
        "\u22651"
      ],
      "confusion_matrix": [
        [
          113,
          13
        ],
        [
          12,
          27
        ]
      ],
      "per_bin": {
        "0": {
          "n_slides_gt": 126,
          "precision": 0.904,
          "recall": 0.8968253968253969,
          "f1": 0.900398406374502
        },
        "\u22651": {
          "n_slides_gt": 39,
          "precision": 0.675,
          "recall": 0.6923076923076923,
          "f1": 0.6835443037974683
        }
      },
      "macro_f1": 0.7919713550859852,
      "balanced_acc": 0.7945665445665446
    }
  }
}