{
  "architecture": "GNCAF v3.65 + Stage 1 gate",
  "n_slides": 165,
  "n_pos": 124,
  "n_neg": 41,
  "segmentation": {
    "tls_dice_mean": 0.27230925724961896,
    "tls_dice_std": 0.19027827223504165,
    "tls_dice_ci95": [
      0.23928730106448284,
      0.3053733843943162
    ],
    "tls_iou_mean": 0.1735468100496498,
    "tls_iou_ci95": [
      0.14970229366956228,
      0.1979634758075595
    ],
    "gc_dice_mean": 0.6722451461710378,
    "gc_dice_std": 0.4170116751104779,
    "gc_dice_ci95": [
      0.5995880660699815,
      0.7427872880375702
    ],
    "gc_iou_mean": 0.6410449510586643,
    "gc_iou_ci95": [
      0.565597063663204,
      0.7166681112951682
    ],
    "mDice": 0.4722772017103284,
    "mIoU": 0.40729588055415705
  },
  "by_cancer_type": {
    "BLCA": {
      "n_slides": 39,
      "tls_dice_mean": 0.3010636255295904,
      "tls_dice_std": 0.2008034946970948,
      "gc_dice_mean": 0.7334899144142322,
      "gc_dice_std": 0.3501967640487314,
      "mDice": 0.5172767699719113
    },
    "KIRC": {
      "n_slides": 28,
      "tls_dice_mean": 0.22454772606794546,
      "tls_dice_std": 0.2188823488044663,
      "gc_dice_mean": 0.6932539682539682,
      "gc_dice_std": 0.4413921867367475,
      "mDice": 0.45890084716095686
    },
    "LUSC": {
      "n_slides": 57,
      "tls_dice_mean": 0.2760970205858993,
      "tls_dice_std": 0.1672675357481419,
      "gc_dice_mean": 0.6200207079288163,
      "gc_dice_std": 0.4497771604094856,
      "mDice": 0.44805886425735775
    }
  },
  "regression": {
    "tls": {
      "spearman": 0.7755039089717355,
      "pearson": 0.5244085576708614,
      "r2": -4.260912271865002,
      "mae": 27.963636363636365,
      "spearman_ci95": [
        0.7022930479098728,
        0.8301674763200867
      ],
      "pearson_ci95": [
        0.4243862830533628,
        0.6386907758875886
      ],
      "r2_ci95": [
        -10.331106758230023,
        -1.7763842781856365
      ],
      "mae_ci95": [
        23.01590909090909,
        33.06621212121212
      ]
    },
    "gc": {
      "spearman": 0.726616854797783,
      "pearson": 0.5844175422377216,
      "r2": 0.29468054998702853,
      "mae": 0.7454545454545455,
      "spearman_ci95": [
        0.5838561141943944,
        0.8353091777495936
      ],
      "pearson_ci95": [
        0.32565610922755517,
        0.8499321779488753
      ],
      "r2_ci95": [
        -0.5277999149781442,
        0.6420182984838769
      ],
      "mae_ci95": [
        0.4816666666666667,
        1.081969696969697
      ]
    }
  },
  "classification": {
    "tls": {
      "precision": 0.8768115942028986,
      "recall": 0.9758064516129032,
      "f1": 0.9236641221374046,
      "balanced_acc": 0.7805861526357198,
      "n_pos": 124,
      "n_neg": 41,
      "tp": 121,
      "fp": 17,
      "fn": 3,
      "tn": 24,
      "auroc": 0.924468922108576,
      "auprc": 0.9719571740591235
    },
    "gc": {
      "precision": 0.8181818181818182,
      "recall": 0.6923076923076923,
      "f1": 0.75,
      "balanced_acc": 0.8223443223443223,
      "n_pos": 39,
      "n_neg": 126,
      "tp": 27,
      "fp": 6,
      "fn": 12,
      "tn": 120,
      "auroc": 0.822039072039072,
      "auprc": 0.6180770919901354
    }
  },
  "fp_rate": {
    "tls_fp_rate": 0.4146341463414634,
    "tls_fp_count": 17,
    "tls_mean_pred_per_neg": 6.121951219512195,
    "gc_fp_rate": 0.04878048780487805,
    "gc_fp_count": 2,
    "gc_mean_pred_per_neg": 0.07317073170731707,
    "n_neg_slides": 41
  },
  "buckets": {
    "tls_3class": {
      "labels": [
        "0",
        "1-5",
        "6+"
      ],
      "confusion_matrix": [
        [
          24,
          3,
          14
        ],
        [
          3,
          5,
          42
        ],
        [
          0,
          0,
          74
        ]
      ],
      "per_bin": {
        "0": {
          "n_slides_gt": 41,
          "precision": 0.8888888888888888,
          "recall": 0.5853658536585366,
          "f1": 0.7058823529411764
        },
        "1-5": {
          "n_slides_gt": 50,
          "precision": 0.625,
          "recall": 0.1,
          "f1": 0.1724137931034483
        },
        "6+": {
          "n_slides_gt": 74,
          "precision": 0.5692307692307692,
          "recall": 1.0,
          "f1": 0.7254901960784313
        }
      },
      "macro_f1": 0.534595447374352,
      "balanced_acc": 0.5617886178861788
    },
    "tls_4class": {
      "labels": [
        "0",
        "1-3",
        "4-10",
        "11+"
      ],
      "confusion_matrix": [
        [
          24,
          2,
          3,
          12
        ],
        [
          3,
          3,
          7,
          21
        ],
        [
          0,
          0,
          3,
          43
        ],
        [
          0,
          0,
          0,
          44
        ]
      ],
      "per_bin": {
        "0": {
          "n_slides_gt": 41,
          "precision": 0.8888888888888888,
          "recall": 0.5853658536585366,
          "f1": 0.7058823529411764
        },
        "1-3": {
          "n_slides_gt": 34,
          "precision": 0.6,
          "recall": 0.08823529411764706,
          "f1": 0.15384615384615385
        },
        "4-10": {
          "n_slides_gt": 46,
          "precision": 0.23076923076923078,
          "recall": 0.06521739130434782,
          "f1": 0.10169491525423728
        },
        "11+": {
          "n_slides_gt": 44,
          "precision": 0.36666666666666664,
          "recall": 1.0,
          "f1": 0.5365853658536585
        }
      },
      "macro_f1": 0.3745021969738065,
      "balanced_acc": 0.4347046347701329
    },
    "gc_2class": {
      "labels": [
        "0",
        "\u22651"
      ],
      "confusion_matrix": [
        [
          120,
          6
        ],
        [
          12,
          27
        ]
      ],
      "per_bin": {
        "0": {
          "n_slides_gt": 126,
          "precision": 0.9090909090909091,
          "recall": 0.9523809523809523,
          "f1": 0.9302325581395349
        },
        "\u22651": {
          "n_slides_gt": 39,
          "precision": 0.8181818181818182,
          "recall": 0.6923076923076923,
          "f1": 0.7500000000000001
        }
      },
      "macro_f1": 0.8401162790697675,
      "balanced_acc": 0.8223443223443223
    }
  }
}