{
  "architecture": "GNCAF v3.58",
  "n_slides": 165,
  "n_pos": 124,
  "n_neg": 41,
  "segmentation": {
    "tls_dice_mean": 0.27587412129736544,
    "tls_dice_std": 0.19509463147556316,
    "tls_dice_ci95": [
      0.2424024059683438,
      0.30759636937467355
    ],
    "tls_iou_mean": 0.17700597056362535,
    "tls_iou_ci95": [
      0.15266312606574067,
      0.2035619786822379
    ],
    "gc_dice_mean": 0.5872849159941823,
    "gc_dice_std": 0.4389455487422057,
    "gc_dice_ci95": [
      0.5083875495266562,
      0.6652580011095229
    ],
    "gc_iou_mean": 0.5532314207568514,
    "gc_iou_ci95": [
      0.47673834684303457,
      0.6323813939237636
    ],
    "mDice": 0.4315795186457739,
    "mIoU": 0.36511869566023836
  },
  "by_cancer_type": {
    "BLCA": {
      "n_slides": 39,
      "tls_dice_mean": 0.30723724375515415,
      "tls_dice_std": 0.18580520662290279,
      "gc_dice_mean": 0.5953606721414473,
      "gc_dice_std": 0.40636237378545637,
      "mDice": 0.4512989579483007
    },
    "KIRC": {
      "n_slides": 28,
      "tls_dice_mean": 0.2089541511826521,
      "tls_dice_std": 0.21865450351484708,
      "gc_dice_mean": 0.5772509777422765,
      "gc_dice_std": 0.4816192018379214,
      "mDice": 0.3931025644624643
    },
    "LUSC": {
      "n_slides": 57,
      "tls_dice_mean": 0.2872881105492639,
      "tls_dice_std": 0.18640093467305396,
      "gc_dice_mean": 0.5866883507540075,
      "gc_dice_std": 0.4501646213794009,
      "mDice": 0.4369882306516357
    }
  },
  "regression": {
    "tls": {
      "spearman": 0.5503578898099516,
      "pearson": 0.39454084332278105,
      "r2": -7.796272179093215,
      "mae": 38.339393939393936,
      "spearman_ci95": [
        0.43648055125877716,
        0.6462539134855998
      ],
      "pearson_ci95": [
        0.2668421193228059,
        0.5125094625437066
      ],
      "r2_ci95": [
        -18.841293219047877,
        -3.6195609217719964
      ],
      "mae_ci95": [
        32.958636363636366,
        44.26
      ]
    },
    "gc": {
      "spearman": 0.5945122120415056,
      "pearson": 0.5025720858653757,
      "r2": -0.023442843329166907,
      "mae": 0.9696969696969697,
      "spearman_ci95": [
        0.45123096789082434,
        0.7192196849411364
      ],
      "pearson_ci95": [
        0.3386501874390041,
        0.7657936434868116
      ],
      "r2_ci95": [
        -1.7430231115656305,
        0.5769549259875165
      ],
      "mae_ci95": [
        0.6631818181818182,
        1.3489393939393937
      ]
    }
  },
  "classification": {
    "tls": {
      "precision": 0.7607361963190185,
      "recall": 1.0,
      "f1": 0.8641114982578397,
      "balanced_acc": 0.524390243902439,
      "n_pos": 124,
      "n_neg": 41,
      "tp": 124,
      "fp": 39,
      "fn": 0,
      "tn": 2,
      "auroc": 0.7289535798583793,
      "auprc": 0.8847402174143632
    },
    "gc": {
      "precision": 0.5660377358490566,
      "recall": 0.7692307692307693,
      "f1": 0.6521739130434783,
      "balanced_acc": 0.7933455433455434,
      "n_pos": 39,
      "n_neg": 126,
      "tp": 30,
      "fp": 23,
      "fn": 9,
      "tn": 103,
      "auroc": 0.816035816035816,
      "auprc": 0.5831357619759999
    }
  },
  "fp_rate": {
    "tls_fp_rate": 0.9512195121951219,
    "tls_fp_count": 39,
    "tls_mean_pred_per_neg": 27.609756097560975,
    "gc_fp_rate": 0.12195121951219512,
    "gc_fp_count": 5,
    "gc_mean_pred_per_neg": 0.14634146341463414,
    "n_neg_slides": 41
  },
  "buckets": {
    "tls_3class": {
      "labels": [
        "0",
        "1-5",
        "6+"
      ],
      "confusion_matrix": [
        [
          2,
          6,
          33
        ],
        [
          0,
          6,
          44
        ],
        [
          0,
          0,
          74
        ]
      ],
      "per_bin": {
        "0": {
          "n_slides_gt": 41,
          "precision": 1.0,
          "recall": 0.04878048780487805,
          "f1": 0.09302325581395349
        },
        "1-5": {
          "n_slides_gt": 50,
          "precision": 0.5,
          "recall": 0.12,
          "f1": 0.1935483870967742
        },
        "6+": {
          "n_slides_gt": 74,
          "precision": 0.4900662251655629,
          "recall": 1.0,
          "f1": 0.6577777777777778
        }
      },
      "macro_f1": 0.3147831402295018,
      "balanced_acc": 0.38959349593495934
    },
    "tls_4class": {
      "labels": [
        "0",
        "1-3",
        "4-10",
        "11+"
      ],
      "confusion_matrix": [
        [
          2,
          3,
          9,
          27
        ],
        [
          0,
          3,
          7,
          24
        ],
        [
          0,
          0,
          1,
          45
        ],
        [
          0,
          0,
          0,
          44
        ]
      ],
      "per_bin": {
        "0": {
          "n_slides_gt": 41,
          "precision": 1.0,
          "recall": 0.04878048780487805,
          "f1": 0.09302325581395349
        },
        "1-3": {
          "n_slides_gt": 34,
          "precision": 0.5,
          "recall": 0.08823529411764706,
          "f1": 0.15
        },
        "4-10": {
          "n_slides_gt": 46,
          "precision": 0.058823529411764705,
          "recall": 0.021739130434782608,
          "f1": 0.031746031746031744
        },
        "11+": {
          "n_slides_gt": 44,
          "precision": 0.3142857142857143,
          "recall": 1.0,
          "f1": 0.4782608695652174
        }
      },
      "macro_f1": 0.18825753928130065,
      "balanced_acc": 0.28968872808932694
    },
    "gc_2class": {
      "labels": [
        "0",
        "\u22651"
      ],
      "confusion_matrix": [
        [
          103,
          23
        ],
        [
          9,
          30
        ]
      ],
      "per_bin": {
        "0": {
          "n_slides_gt": 126,
          "precision": 0.9196428571428571,
          "recall": 0.8174603174603174,
          "f1": 0.865546218487395
        },
        "\u22651": {
          "n_slides_gt": 39,
          "precision": 0.5660377358490566,
          "recall": 0.7692307692307693,
          "f1": 0.6521739130434783
        }
      },
      "macro_f1": 0.7588600657654366,
      "balanced_acc": 0.7933455433455434
    }
  }
}