{
  "architecture": "GNCAF v3.62 (paper-strict)",
  "n_slides": 165,
  "n_pos": 124,
  "n_neg": 41,
  "segmentation": {
    "tls_dice_mean": 0.3310491672751118,
    "tls_dice_std": 0.1930110906086644,
    "tls_dice_ci95": [
      0.29708390581185157,
      0.3635744497277699
    ],
    "tls_iou_mean": 0.2160372909638118,
    "tls_iou_ci95": [
      0.19118435888699342,
      0.24406636384744168
    ],
    "gc_dice_mean": 0.6848974390137075,
    "gc_dice_std": 0.46083698839308795,
    "gc_dice_ci95": [
      0.6024668476856336,
      0.7672557224706937
    ],
    "gc_iou_mean": 0.6826302934230641,
    "gc_iou_ci95": [
      0.5990038547564159,
      0.7602621147794976
    ],
    "mDice": 0.5079733031444096,
    "mIoU": 0.44933379219343794
  },
  "by_cancer_type": {
    "BLCA": {
      "n_slides": 39,
      "tls_dice_mean": 0.3537358446287891,
      "tls_dice_std": 0.19277598230888882,
      "gc_dice_mean": 0.5957768196512633,
      "gc_dice_std": 0.4923710787300141,
      "mDice": 0.4747563321400262
    },
    "KIRC": {
      "n_slides": 28,
      "tls_dice_mean": 0.29539797668222206,
      "tls_dice_std": 0.2057491935208498,
      "gc_dice_mean": 0.8452381489086912,
      "gc_dice_std": 0.35696631686238567,
      "mDice": 0.5703180627954566
    },
    "LUSC": {
      "n_slides": 57,
      "tls_dice_mean": 0.3330395693769979,
      "tls_dice_std": 0.18937672025641833,
      "gc_dice_mean": 0.667110847401002,
      "gc_dice_std": 0.4749725294407876,
      "mDice": 0.500075208389
    }
  },
  "regression": {
    "tls": {
      "spearman": 0.7153695408633125,
      "pearson": 0.541254480775774,
      "r2": -2.175270735997809,
      "mae": 21.21212121212121,
      "spearman_ci95": [
        0.6335215921217113,
        0.7808525173092695
      ],
      "pearson_ci95": [
        0.4219435135174417,
        0.6754286456160854
      ],
      "r2_ci95": [
        -5.7338262303274625,
        -0.6638322168703166
      ],
      "mae_ci95": [
        17.77257575757576,
        24.852272727272727
      ]
    },
    "gc": {
      "spearman": 0.1236938687234818,
      "pearson": 0.1378324818920503,
      "r2": -0.11489115822740037,
      "mae": 0.9696969696969697,
      "spearman_ci95": [
        -0.0626545548353903,
        0.29353410569027694
      ],
      "pearson_ci95": [
        -0.061242437799871034,
        0.31780143406636047
      ],
      "r2_ci95": [
        -0.20836145548201,
        -0.01361550667344213
      ],
      "mae_ci95": [
        0.6121212121212121,
        1.3454545454545455
      ]
    }
  },
  "classification": {
    "tls": {
      "precision": 0.779874213836478,
      "recall": 1.0,
      "f1": 0.8763250883392226,
      "balanced_acc": 0.573170731707317,
      "n_pos": 124,
      "n_neg": 41,
      "tp": 124,
      "fp": 35,
      "fn": 0,
      "tn": 6,
      "auroc": 0.826219512195122,
      "auprc": 0.9308974899357132
    },
    "gc": {
      "precision": 0.5,
      "recall": 0.07692307692307693,
      "f1": 0.13333333333333333,
      "balanced_acc": 0.5265567765567766,
      "n_pos": 39,
      "n_neg": 126,
      "tp": 3,
      "fp": 3,
      "fn": 36,
      "tn": 123,
      "auroc": 0.5262515262515262,
      "auprc": 0.26946386946386947
    }
  },
  "fp_rate": {
    "tls_fp_rate": 0.8536585365853658,
    "tls_fp_count": 35,
    "tls_mean_pred_per_neg": 11.21951219512195,
    "gc_fp_rate": 0.024390243902439025,
    "gc_fp_count": 1,
    "gc_mean_pred_per_neg": 0.07317073170731707,
    "n_neg_slides": 41
  },
  "buckets": {
    "tls_3class": {
      "labels": [
        "0",
        "1-5",
        "6+"
      ],
      "confusion_matrix": [
        [
          6,
          13,
          22
        ],
        [
          0,
          8,
          42
        ],
        [
          0,
          0,
          74
        ]
      ],
      "per_bin": {
        "0": {
          "n_slides_gt": 41,
          "precision": 1.0,
          "recall": 0.14634146341463414,
          "f1": 0.2553191489361702
        },
        "1-5": {
          "n_slides_gt": 50,
          "precision": 0.38095238095238093,
          "recall": 0.16,
          "f1": 0.22535211267605634
        },
        "6+": {
          "n_slides_gt": 74,
          "precision": 0.5362318840579711,
          "recall": 1.0,
          "f1": 0.6981132075471698
        }
      },
      "macro_f1": 0.39292815638646544,
      "balanced_acc": 0.43544715447154475
    },
    "tls_4class": {
      "labels": [
        "0",
        "1-3",
        "4-10",
        "11+"
      ],
      "confusion_matrix": [
        [
          6,
          5,
          15,
          15
        ],
        [
          0,
          7,
          10,
          17
        ],
        [
          0,
          0,
          5,
          41
        ],
        [
          0,
          0,
          0,
          44
        ]
      ],
      "per_bin": {
        "0": {
          "n_slides_gt": 41,
          "precision": 1.0,
          "recall": 0.14634146341463414,
          "f1": 0.2553191489361702
        },
        "1-3": {
          "n_slides_gt": 34,
          "precision": 0.5833333333333334,
          "recall": 0.20588235294117646,
          "f1": 0.3043478260869565
        },
        "4-10": {
          "n_slides_gt": 46,
          "precision": 0.16666666666666666,
          "recall": 0.10869565217391304,
          "f1": 0.13157894736842102
        },
        "11+": {
          "n_slides_gt": 44,
          "precision": 0.37606837606837606,
          "recall": 1.0,
          "f1": 0.546583850931677
        }
      },
      "macro_f1": 0.30945744333080616,
      "balanced_acc": 0.3652298671324309
    },
    "gc_2class": {
      "labels": [
        "0",
        "\u22651"
      ],
      "confusion_matrix": [
        [
          123,
          3
        ],
        [
          36,
          3
        ]
      ],
      "per_bin": {
        "0": {
          "n_slides_gt": 126,
          "precision": 0.7735849056603774,
          "recall": 0.9761904761904762,
          "f1": 0.863157894736842
        },
        "\u22651": {
          "n_slides_gt": 39,
          "precision": 0.5,
          "recall": 0.07692307692307693,
          "f1": 0.13333333333333336
        }
      },
      "macro_f1": 0.4982456140350877,
      "balanced_acc": 0.5265567765567766
    }
  }
}