{
  "architecture": "GNCAF v3.65 (dual-\u03c3, simple)",
  "n_slides": 165,
  "n_pos": 124,
  "n_neg": 41,
  "segmentation": {
    "tls_dice_mean": 0.27467954636015474,
    "tls_dice_std": 0.18748092422985463,
    "tls_dice_ci95": [
      0.24233870494964158,
      0.3079030415242573
    ],
    "tls_iou_mean": 0.17479520477479235,
    "tls_iou_ci95": [
      0.15117312204527641,
      0.19944215841793603
    ],
    "gc_dice_mean": 0.6641806300420056,
    "gc_dice_std": 0.42025212465487793,
    "gc_dice_ci95": [
      0.5910123052453607,
      0.7350886302591059
    ],
    "gc_iou_mean": 0.6329804349376965,
    "gc_iou_ci95": [
      0.5565714584939241,
      0.7105657434292337
    ],
    "mDice": 0.4694300882010801,
    "mIoU": 0.40388781985624445
  },
  "by_cancer_type": {
    "BLCA": {
      "n_slides": 39,
      "tls_dice_mean": 0.304146153202282,
      "tls_dice_std": 0.19694593830691956,
      "gc_dice_mean": 0.7078488887732065,
      "gc_dice_std": 0.3664040837401396,
      "mDice": 0.5059975209877443
    },
    "KIRC": {
      "n_slides": 28,
      "tls_dice_mean": 0.2307512000133549,
      "tls_dice_std": 0.21341615183083937,
      "gc_dice_mean": 0.6932539682539682,
      "gc_dice_std": 0.4413921867367475,
      "mDice": 0.4620025841336616
    },
    "LUSC": {
      "n_slides": 57,
      "tls_dice_mean": 0.2760970205858993,
      "tls_dice_std": 0.1672675357481419,
      "gc_dice_mean": 0.6200207079288163,
      "gc_dice_std": 0.4497771604094856,
      "mDice": 0.44805886425735775
    }
  },
  "regression": {
    "tls": {
      "spearman": 0.7077026743987052,
      "pearson": 0.5060868535053921,
      "r2": -4.519938680415175,
      "mae": 30.36969696969697,
      "spearman_ci95": [
        0.6256290086810374,
        0.7658863040670438
      ],
      "pearson_ci95": [
        0.4017122607107263,
        0.6232990706407636
      ],
      "r2_ci95": [
        -10.803466878446057,
        -1.9821073188891394
      ],
      "mae_ci95": [
        25.73,
        35.16924242424242
      ]
    },
    "gc": {
      "spearman": 0.726616854797783,
      "pearson": 0.5844175422377216,
      "r2": 0.29468054998702853,
      "mae": 0.7454545454545455,
      "spearman_ci95": [
        0.5838561141943944,
        0.8353091777495936
      ],
      "pearson_ci95": [
        0.32565610922755517,
        0.8499321779488753
      ],
      "r2_ci95": [
        -0.5277999149781442,
        0.6420182984838769
      ],
      "mae_ci95": [
        0.4816666666666667,
        1.081969696969697
      ]
    }
  },
  "classification": {
    "tls": {
      "precision": 0.7654320987654321,
      "recall": 1.0,
      "f1": 0.8671328671328671,
      "balanced_acc": 0.5365853658536586,
      "n_pos": 124,
      "n_neg": 41,
      "tp": 124,
      "fp": 38,
      "fn": 0,
      "tn": 3,
      "auroc": 0.8526750590086547,
      "auprc": 0.9434070695087854
    },
    "gc": {
      "precision": 0.8181818181818182,
      "recall": 0.6923076923076923,
      "f1": 0.75,
      "balanced_acc": 0.8223443223443223,
      "n_pos": 39,
      "n_neg": 126,
      "tp": 27,
      "fp": 6,
      "fn": 12,
      "tn": 120,
      "auroc": 0.822039072039072,
      "auprc": 0.6180770919901354
    }
  },
  "fp_rate": {
    "tls_fp_rate": 0.926829268292683,
    "tls_fp_count": 38,
    "tls_mean_pred_per_neg": 14.439024390243903,
    "gc_fp_rate": 0.04878048780487805,
    "gc_fp_count": 2,
    "gc_mean_pred_per_neg": 0.07317073170731707,
    "n_neg_slides": 41
  },
  "buckets": {
    "tls_3class": {
      "labels": [
        "0",
        "1-5",
        "6+"
      ],
      "confusion_matrix": [
        [
          3,
          10,
          28
        ],
        [
          0,
          5,
          45
        ],
        [
          0,
          0,
          74
        ]
      ],
      "per_bin": {
        "0": {
          "n_slides_gt": 41,
          "precision": 1.0,
          "recall": 0.07317073170731707,
          "f1": 0.13636363636363635
        },
        "1-5": {
          "n_slides_gt": 50,
          "precision": 0.3333333333333333,
          "recall": 0.1,
          "f1": 0.15384615384615383
        },
        "6+": {
          "n_slides_gt": 74,
          "precision": 0.5034013605442177,
          "recall": 1.0,
          "f1": 0.669683257918552
        }
      },
      "macro_f1": 0.31996434937611407,
      "balanced_acc": 0.3910569105691057
    },
    "tls_4class": {
      "labels": [
        "0",
        "1-3",
        "4-10",
        "11+"
      ],
      "confusion_matrix": [
        [
          3,
          7,
          11,
          20
        ],
        [
          0,
          3,
          7,
          24
        ],
        [
          0,
          0,
          3,
          43
        ],
        [
          0,
          0,
          0,
          44
        ]
      ],
      "per_bin": {
        "0": {
          "n_slides_gt": 41,
          "precision": 1.0,
          "recall": 0.07317073170731707,
          "f1": 0.13636363636363635
        },
        "1-3": {
          "n_slides_gt": 34,
          "precision": 0.3,
          "recall": 0.08823529411764706,
          "f1": 0.13636363636363635
        },
        "4-10": {
          "n_slides_gt": 46,
          "precision": 0.14285714285714285,
          "recall": 0.06521739130434782,
          "f1": 0.08955223880597013
        },
        "11+": {
          "n_slides_gt": 44,
          "precision": 0.33587786259541985,
          "recall": 1.0,
          "f1": 0.5028571428571428
        }
      },
      "macro_f1": 0.2162841635975964,
      "balanced_acc": 0.306655854282328
    },
    "gc_2class": {
      "labels": [
        "0",
        "\u22651"
      ],
      "confusion_matrix": [
        [
          120,
          6
        ],
        [
          12,
          27
        ]
      ],
      "per_bin": {
        "0": {
          "n_slides_gt": 126,
          "precision": 0.9090909090909091,
          "recall": 0.9523809523809523,
          "f1": 0.9302325581395349
        },
        "\u22651": {
          "n_slides_gt": 39,
          "precision": 0.8181818181818182,
          "recall": 0.6923076923076923,
          "f1": 0.7500000000000001
        }
      },
      "macro_f1": 0.8401162790697675,
      "balanced_acc": 0.8223443223443223
    }
  }
}