{
  "architecture": "GNCAF v3.62 (paper-strict, 5-fold)",
  "n_slides": 804,
  "n_pos": 598,
  "n_neg": 206,
  "segmentation": {
    "tls_dice_mean": 0.28782572588969263,
    "tls_dice_std": 0.18094413104259752,
    "tls_dice_ci95": [
      0.27468401422408906,
      0.3019102037071514
    ],
    "tls_iou_mean": 0.18261333623286732,
    "tls_iou_ci95": [
      0.1721822521249283,
      0.19460682064358115
    ],
    "gc_dice_mean": 0.5928061820602774,
    "gc_dice_std": 0.47044291156482215,
    "gc_dice_ci95": [
      0.5560574259503172,
      0.6269468665313238
    ],
    "gc_iou_mean": 0.579138932938888,
    "gc_iou_ci95": [
      0.5408384421705331,
      0.6175115431721121
    ],
    "mDice": 0.440315953974985,
    "mIoU": 0.38087613458587766
  },
  "by_cancer_type": {
    "BLCA": {
      "n_slides": 200,
      "tls_dice_mean": 0.2993517004171163,
      "tls_dice_std": 0.18913679373529543,
      "gc_dice_mean": 0.5411738646338938,
      "gc_dice_std": 0.46381239207947395,
      "mDice": 0.4202627825255051
    },
    "KIRC": {
      "n_slides": 130,
      "tls_dice_mean": 0.2528014268519122,
      "tls_dice_std": 0.17586708341425747,
      "gc_dice_mean": 0.7136583411555488,
      "gc_dice_std": 0.4431029253286607,
      "mDice": 0.4832298840037305
    },
    "LUSC": {
      "n_slides": 268,
      "tls_dice_mean": 0.29621365114874754,
      "tls_dice_std": 0.17594523304953377,
      "gc_dice_mean": 0.5727154462501706,
      "gc_dice_std": 0.4805977070940371,
      "mDice": 0.43446454869945905
    }
  },
  "regression": {
    "tls": {
      "spearman": 0.6114991887766792,
      "pearson": 0.518705406303329,
      "r2": -3.783181134537461,
      "mae": 25.40049751243781,
      "spearman_ci95": [
        0.559102531613188,
        0.659295632500408
      ],
      "pearson_ci95": [
        0.44673776404607907,
        0.5869350659380236
      ],
      "r2_ci95": [
        -5.762677602770284,
        -2.4754123434767905
      ],
      "mae_ci95": [
        23.727083333333333,
        27.27235696517413
      ]
    },
    "gc": {
      "spearman": 0.3108412348036635,
      "pearson": 0.4184064493601496,
      "r2": -0.11821082522249493,
      "mae": 1.0422885572139304,
      "spearman_ci95": [
        0.2275220664428985,
        0.3903512204627816
      ],
      "pearson_ci95": [
        0.21781416510685594,
        0.6317759642174837
      ],
      "r2_ci95": [
        -0.9077904767350449,
        0.3325455992827373
      ],
      "mae_ci95": [
        0.860634328358209,
        1.2444962686567163
      ]
    }
  },
  "classification": {
    "tls": {
      "precision": 0.7598475222363406,
      "recall": 1.0,
      "f1": 0.8635379061371841,
      "balanced_acc": 0.5412621359223301,
      "n_pos": 598,
      "n_neg": 206,
      "tp": 598,
      "fp": 189,
      "fn": 0,
      "tn": 17,
      "auroc": 0.7567823164593954,
      "auprc": 0.8794019902215985
    },
    "gc": {
      "precision": 0.5882352941176471,
      "recall": 0.2898550724637681,
      "f1": 0.3883495145631068,
      "balanced_acc": 0.6097516568348992,
      "n_pos": 207,
      "n_neg": 597,
      "tp": 60,
      "fp": 42,
      "fn": 147,
      "tn": 555,
      "auroc": 0.612320863577145,
      "auprc": 0.3751993998536209
    }
  },
  "fp_rate": {
    "tls_fp_rate": 0.9174757281553398,
    "tls_fp_count": 189,
    "tls_mean_pred_per_neg": 17.95145631067961,
    "gc_fp_rate": 0.05339805825242718,
    "gc_fp_count": 11,
    "gc_mean_pred_per_neg": 0.30097087378640774,
    "n_neg_slides": 206
  },
  "buckets": {
    "tls_3class": {
      "labels": [
        "0",
        "1-5",
        "6+"
      ],
      "confusion_matrix": [
        [
          17,
          51,
          138
        ],
        [
          0,
          33,
          231
        ],
        [
          0,
          3,
          331
        ]
      ],
      "per_bin": {
        "0": {
          "n_slides_gt": 206,
          "precision": 1.0,
          "recall": 0.0825242718446602,
          "f1": 0.1524663677130045
        },
        "1-5": {
          "n_slides_gt": 264,
          "precision": 0.3793103448275862,
          "recall": 0.125,
          "f1": 0.18803418803418803
        },
        "6+": {
          "n_slides_gt": 334,
          "precision": 0.47285714285714286,
          "recall": 0.9910179640718563,
          "f1": 0.6402321083172147
        }
      },
      "macro_f1": 0.32691088802146906,
      "balanced_acc": 0.39951407863883887
    },
    "tls_4class": {
      "labels": [
        "0",
        "1-3",
        "4-10",
        "11+"
      ],
      "confusion_matrix": [
        [
          17,
          27,
          56,
          106
        ],
        [
          0,
          16,
          54,
          113
        ],
        [
          0,
          2,
          24,
          193
        ],
        [
          0,
          0,
          0,
          196
        ]
      ],
      "per_bin": {
        "0": {
          "n_slides_gt": 206,
          "precision": 1.0,
          "recall": 0.0825242718446602,
          "f1": 0.1524663677130045
        },
        "1-3": {
          "n_slides_gt": 183,
          "precision": 0.35555555555555557,
          "recall": 0.08743169398907104,
          "f1": 0.14035087719298245
        },
        "4-10": {
          "n_slides_gt": 219,
          "precision": 0.1791044776119403,
          "recall": 0.1095890410958904,
          "f1": 0.1359773371104816
        },
        "11+": {
          "n_slides_gt": 196,
          "precision": 0.3223684210526316,
          "recall": 1.0,
          "f1": 0.48756218905472637
        }
      },
      "macro_f1": 0.2290891927677987,
      "balanced_acc": 0.3198862517324054
    },
    "gc_2class": {
      "labels": [
        "0",
        "\u22651"
      ],
      "confusion_matrix": [
        [
          555,
          42
        ],
        [
          147,
          60
        ]
      ],
      "per_bin": {
        "0": {
          "n_slides_gt": 597,
          "precision": 0.7905982905982906,
          "recall": 0.9296482412060302,
          "f1": 0.8545034642032333
        },
        "\u22651": {
          "n_slides_gt": 207,
          "precision": 0.5882352941176471,
          "recall": 0.2898550724637681,
          "f1": 0.38834951456310673
        }
      },
      "macro_f1": 0.62142648938317,
      "balanced_acc": 0.6097516568348992
    }
  }
}