{
  "architecture": "seg_v2.0 (dual) + Stage 1 gate",
  "n_slides": 166,
  "n_pos": 124,
  "n_neg": 42,
  "segmentation": {
    "tls_dice_mean": 0.5796226224686943,
    "tls_dice_std": 0.19420640291080177,
    "tls_dice_ci95": [
      0.5425745855171864,
      0.6119065308635404
    ],
    "tls_iou_mean": 0.4311430109270368,
    "tls_iou_ci95": [
      0.4002725336907141,
      0.45944755013904354
    ],
    "gc_dice_mean": 0.7422496608834496,
    "gc_dice_std": 0.371930815435666,
    "gc_dice_ci95": [
      0.6733949954902779,
      0.8045903772835628
    ],
    "gc_iou_mean": 0.7054997604220341,
    "gc_iou_ci95": [
      0.6307207180680363,
      0.7754667330954105
    ],
    "mDice": 0.660936141676072,
    "mIoU": 0.5683213856745355
  },
  "by_cancer_type": {
    "BLCA": {
      "n_slides": 39,
      "tls_dice_mean": 0.5843110564127147,
      "tls_dice_std": 0.2053019268949531,
      "gc_dice_mean": 0.7278163766068572,
      "gc_dice_std": 0.3567439557491916,
      "mDice": 0.656063716509786
    },
    "KIRC": {
      "n_slides": 28,
      "tls_dice_mean": 0.5668265804418474,
      "tls_dice_std": 0.215767218286027,
      "gc_dice_mean": 0.9156131607708021,
      "gc_dice_std": 0.21871144021476285,
      "mDice": 0.7412198706063248
    },
    "LUSC": {
      "n_slides": 57,
      "tls_dice_mean": 0.5827005216429911,
      "tls_dice_std": 0.1798889544073281,
      "gc_dice_mean": 0.6669640484262782,
      "gc_dice_std": 0.4194564142305517,
      "mDice": 0.6248322850346346
    }
  },
  "regression": {
    "tls": {
      "spearman": 0.8917058488302231,
      "pearson": 0.9240057716561574,
      "r2": 0.8269648900829497,
      "mae": 4.72289156626506,
      "spearman_ci95": [
        0.8477240311626698,
        0.9210822388082273
      ],
      "pearson_ci95": [
        0.8888591423398436,
        0.9516965558625838
      ],
      "r2_ci95": [
        0.6573168205468384,
        0.8969066233195765
      ],
      "mae_ci95": [
        3.837048192771084,
        5.545331325301205
      ]
    },
    "gc": {
      "spearman": 0.7642462300400913,
      "pearson": 0.8639464461089916,
      "r2": 0.7432984601476211,
      "mae": 0.5421686746987951,
      "spearman_ci95": [
        0.6329559742577915,
        0.865063021395908
      ],
      "pearson_ci95": [
        0.7871157968633098,
        0.9172964102821759
      ],
      "r2_ci95": [
        0.5781301691737645,
        0.8262195207135347
      ],
      "mae_ci95": [
        0.37349397590361444,
        0.7140060240963854
      ]
    }
  },
  "classification": {
    "tls": {
      "precision": 0.8740740740740741,
      "recall": 0.9516129032258065,
      "f1": 0.9111969111969112,
      "balanced_acc": 0.7734254992319509,
      "n_pos": 124,
      "n_neg": 42,
      "tp": 118,
      "fp": 17,
      "fn": 6,
      "tn": 25,
      "auroc": 0.9225230414746544,
      "auprc": 0.9684997575532203
    },
    "gc": {
      "precision": 0.7560975609756098,
      "recall": 0.7948717948717948,
      "f1": 0.775,
      "balanced_acc": 0.85806581869574,
      "n_pos": 39,
      "n_neg": 127,
      "tp": 31,
      "fp": 10,
      "fn": 8,
      "tn": 117,
      "auroc": 0.873107207752877,
      "auprc": 0.7611702533557864
    }
  },
  "fp_rate": {
    "tls_fp_rate": 0.40476190476190477,
    "tls_fp_count": 17,
    "tls_mean_pred_per_neg": 1.0238095238095237,
    "gc_fp_rate": 0.023809523809523808,
    "gc_fp_count": 1,
    "gc_mean_pred_per_neg": 0.023809523809523808,
    "n_neg_slides": 42
  },
  "buckets": {
    "tls_3class": {
      "labels": [
        "0",
        "1-5",
        "6+"
      ],
      "confusion_matrix": [
        [
          25,
          16,
          1
        ],
        [
          6,
          28,
          14
        ],
        [
          0,
          6,
          70
        ]
      ],
      "per_bin": {
        "0": {
          "n_slides_gt": 42,
          "precision": 0.8064516129032258,
          "recall": 0.5952380952380952,
          "f1": 0.684931506849315
        },
        "1-5": {
          "n_slides_gt": 48,
          "precision": 0.56,
          "recall": 0.5833333333333334,
          "f1": 0.5714285714285714
        },
        "6+": {
          "n_slides_gt": 76,
          "precision": 0.8235294117647058,
          "recall": 0.9210526315789473,
          "f1": 0.8695652173913043
        }
      },
      "macro_f1": 0.7086417652230635,
      "balanced_acc": 0.6998746867167919
    },
    "tls_4class": {
      "labels": [
        "0",
        "1-3",
        "4-10",
        "11+"
      ],
      "confusion_matrix": [
        [
          25,
          13,
          4,
          0
        ],
        [
          5,
          18,
          11,
          0
        ],
        [
          1,
          3,
          22,
          20
        ],
        [
          0,
          0,
          4,
          40
        ]
      ],
      "per_bin": {
        "0": {
          "n_slides_gt": 42,
          "precision": 0.8064516129032258,
          "recall": 0.5952380952380952,
          "f1": 0.684931506849315
        },
        "1-3": {
          "n_slides_gt": 34,
          "precision": 0.5294117647058824,
          "recall": 0.5294117647058824,
          "f1": 0.5294117647058824
        },
        "4-10": {
          "n_slides_gt": 46,
          "precision": 0.5365853658536586,
          "recall": 0.4782608695652174,
          "f1": 0.5057471264367817
        },
        "11+": {
          "n_slides_gt": 44,
          "precision": 0.6666666666666666,
          "recall": 0.9090909090909091,
          "f1": 0.7692307692307692
        }
      },
      "macro_f1": 0.622330291805687,
      "balanced_acc": 0.628000409650026
    },
    "gc_2class": {
      "labels": [
        "0",
        "\u22651"
      ],
      "confusion_matrix": [
        [
          117,
          10
        ],
        [
          8,
          31
        ]
      ],
      "per_bin": {
        "0": {
          "n_slides_gt": 127,
          "precision": 0.936,
          "recall": 0.9212598425196851,
          "f1": 0.9285714285714286
        },
        "\u22651": {
          "n_slides_gt": 39,
          "precision": 0.7560975609756098,
          "recall": 0.7948717948717948,
          "f1": 0.7749999999999999
        }
      },
      "macro_f1": 0.8517857142857143,
      "balanced_acc": 0.85806581869574
    }
  }
}