{
  "architecture": "seg_v2.0 (tls_only)",
  "n_slides": 166,
  "n_pos": 124,
  "n_neg": 42,
  "segmentation": {
    "tls_dice_mean": 0.591814235556441,
    "tls_dice_std": 0.17894457815600515,
    "tls_dice_ci95": [
      0.5601765387739241,
      0.6209059443107225
    ],
    "tls_iou_mean": 0.44102117409814745,
    "tls_iou_ci95": [
      0.4109097602450374,
      0.46941200976763897
    ],
    "gc_dice_mean": 0.36221969120154957,
    "gc_dice_std": 0.4389912183072185,
    "gc_dice_ci95": [
      0.2828895201209524,
      0.4378198973463012
    ],
    "gc_iou_mean": 0.3397207645696326,
    "gc_iou_ci95": [
      0.26396388988585157,
      0.4174743528773686
    ],
    "mDice": 0.47701696337899524,
    "mIoU": 0.39037096933389004
  },
  "by_cancer_type": {
    "BLCA": {
      "n_slides": 39,
      "tls_dice_mean": 0.5889580767609061,
      "tls_dice_std": 0.18563752172039197,
      "gc_dice_mean": 0.19215648602368537,
      "gc_dice_std": 0.3311755114140222,
      "mDice": 0.39055728139229573
    },
    "KIRC": {
      "n_slides": 28,
      "tls_dice_mean": 0.6044641241129558,
      "tls_dice_std": 0.15963600260323887,
      "gc_dice_mean": 0.5655589287039345,
      "gc_dice_std": 0.48585155562299953,
      "mDice": 0.5850115264084452
    },
    "LUSC": {
      "n_slides": 57,
      "tls_dice_mean": 0.5875544691256241,
      "tls_dice_std": 0.18742634056762994,
      "gc_dice_mean": 0.3786927850940044,
      "gc_dice_std": 0.44429316176527295,
      "mDice": 0.48312362710981427
    }
  },
  "regression": {
    "tls": {
      "spearman": 0.9182201645274364,
      "pearson": 0.9431923463738334,
      "r2": 0.8828459710548401,
      "mae": 3.5240963855421685,
      "spearman_ci95": [
        0.8835583560947358,
        0.9420535659089421
      ],
      "pearson_ci95": [
        0.9077382239152648,
        0.9672283280943946
      ],
      "r2_ci95": [
        0.8209050155478358,
        0.9133806858876397
      ],
      "mae_ci95": [
        2.7771084337349397,
        4.22605421686747
      ]
    },
    "gc": {
      "spearman": 0.6396957721052678,
      "pearson": 0.7115424565329221,
      "r2": 0.5023939381323118,
      "mae": 0.7710843373493976,
      "spearman_ci95": [
        0.5018937530944931,
        0.7515808793054111
      ],
      "pearson_ci95": [
        0.5506501986141514,
        0.8264356853188356
      ],
      "r2_ci95": [
        0.24505864607244088,
        0.6505712331083348
      ],
      "mae_ci95": [
        0.536144578313253,
        1.0481927710843373
      ]
    }
  },
  "classification": {
    "tls": {
      "precision": 0.9029850746268657,
      "recall": 0.9758064516129032,
      "f1": 0.937984496124031,
      "balanced_acc": 0.8331413210445469,
      "n_pos": 124,
      "n_neg": 42,
      "tp": 121,
      "fp": 13,
      "fn": 3,
      "tn": 29,
      "auroc": 0.9513248847926268,
      "auprc": 0.977380520273962
    },
    "gc": {
      "precision": 0.5882352941176471,
      "recall": 0.7692307692307693,
      "f1": 0.6666666666666666,
      "balanced_acc": 0.8019382192610539,
      "n_pos": 39,
      "n_neg": 127,
      "tp": 30,
      "fp": 21,
      "fn": 9,
      "tn": 106,
      "auroc": 0.8321219462951746,
      "auprc": 0.6570005303154619
    }
  },
  "fp_rate": {
    "tls_fp_rate": 0.30952380952380953,
    "tls_fp_count": 13,
    "tls_mean_pred_per_neg": 0.4523809523809524,
    "gc_fp_rate": 0.0,
    "gc_fp_count": 0,
    "gc_mean_pred_per_neg": 0.0,
    "n_neg_slides": 42
  },
  "buckets": {
    "tls_3class": {
      "labels": [
        "0",
        "1-5",
        "6+"
      ],
      "confusion_matrix": [
        [
          29,
          13,
          0
        ],
        [
          3,
          33,
          12
        ],
        [
          0,
          9,
          67
        ]
      ],
      "per_bin": {
        "0": {
          "n_slides_gt": 42,
          "precision": 0.90625,
          "recall": 0.6904761904761905,
          "f1": 0.7837837837837837
        },
        "1-5": {
          "n_slides_gt": 48,
          "precision": 0.6,
          "recall": 0.6875,
          "f1": 0.6407766990291262
        },
        "6+": {
          "n_slides_gt": 76,
          "precision": 0.8481012658227848,
          "recall": 0.881578947368421,
          "f1": 0.8645161290322582
        }
      },
      "macro_f1": 0.7630255372817226,
      "balanced_acc": 0.7531850459482038
    },
    "tls_4class": {
      "labels": [
        "0",
        "1-3",
        "4-10",
        "11+"
      ],
      "confusion_matrix": [
        [
          29,
          13,
          0,
          0
        ],
        [
          3,
          26,
          4,
          1
        ],
        [
          0,
          7,
          29,
          10
        ],
        [
          0,
          0,
          3,
          41
        ]
      ],
      "per_bin": {
        "0": {
          "n_slides_gt": 42,
          "precision": 0.90625,
          "recall": 0.6904761904761905,
          "f1": 0.7837837837837837
        },
        "1-3": {
          "n_slides_gt": 34,
          "precision": 0.5652173913043478,
          "recall": 0.7647058823529411,
          "f1": 0.65
        },
        "4-10": {
          "n_slides_gt": 46,
          "precision": 0.8055555555555556,
          "recall": 0.6304347826086957,
          "f1": 0.7073170731707318
        },
        "11+": {
          "n_slides_gt": 44,
          "precision": 0.7884615384615384,
          "recall": 0.9318181818181818,
          "f1": 0.8541666666666667
        }
      },
      "macro_f1": 0.7488168809052955,
      "balanced_acc": 0.7543587593140023
    },
    "gc_2class": {
      "labels": [
        "0",
        "\u22651"
      ],
      "confusion_matrix": [
        [
          106,
          21
        ],
        [
          9,
          30
        ]
      ],
      "per_bin": {
        "0": {
          "n_slides_gt": 127,
          "precision": 0.9217391304347826,
          "recall": 0.8346456692913385,
          "f1": 0.8760330578512396
        },
        "\u22651": {
          "n_slides_gt": 39,
          "precision": 0.5882352941176471,
          "recall": 0.7692307692307693,
          "f1": 0.6666666666666667
        }
      },
      "macro_f1": 0.7713498622589532,
      "balanced_acc": 0.8019382192610539
    }
  }
}