{
  "architecture": "seg_v2.0 (dual)",
  "n_slides": 166,
  "n_pos": 124,
  "n_neg": 42,
  "segmentation": {
    "tls_dice_mean": 0.5910683812751829,
    "tls_dice_std": 0.1806882171214823,
    "tls_dice_ci95": [
      0.5605220834450776,
      0.6199960264381911
    ],
    "tls_iou_mean": 0.44020948207636545,
    "tls_iou_ci95": [
      0.41174460462877827,
      0.46763267073425535
    ],
    "gc_dice_mean": 0.7422496608834496,
    "gc_dice_std": 0.371930815435666,
    "gc_dice_ci95": [
      0.6733949954902779,
      0.8045903772835628
    ],
    "gc_iou_mean": 0.7054997604220341,
    "gc_iou_ci95": [
      0.6307207180680363,
      0.7754667330954105
    ],
    "mDice": 0.6666590210793162,
    "mIoU": 0.5728546212491998
  },
  "by_cancer_type": {
    "BLCA": {
      "n_slides": 39,
      "tls_dice_mean": 0.5843110564127147,
      "tls_dice_std": 0.2053019268949531,
      "gc_dice_mean": 0.7278163766068572,
      "gc_dice_std": 0.3567439557491916,
      "mDice": 0.656063716509786
    },
    "KIRC": {
      "n_slides": 28,
      "tls_dice_mean": 0.6175149408705826,
      "tls_dice_std": 0.15021040499011526,
      "gc_dice_mean": 0.9156131607708021,
      "gc_dice_std": 0.21871144021476285,
      "mDice": 0.7665640508206923
    },
    "LUSC": {
      "n_slides": 57,
      "tls_dice_mean": 0.5827005216429911,
      "tls_dice_std": 0.1798889544073281,
      "gc_dice_mean": 0.6669640484262782,
      "gc_dice_std": 0.4194564142305517,
      "mDice": 0.6248322850346346
    }
  },
  "regression": {
    "tls": {
      "spearman": 0.881397330446984,
      "pearson": 0.9241572113334874,
      "r2": 0.8259551058035395,
      "mae": 4.813253012048193,
      "spearman_ci95": [
        0.8320494007693082,
        0.9130167299833067
      ],
      "pearson_ci95": [
        0.8883553324253994,
        0.9520857902957708
      ],
      "r2_ci95": [
        0.6545628121134579,
        0.896675017078184
      ],
      "mae_ci95": [
        3.9632530120481926,
        5.5843373493975905
      ]
    },
    "gc": {
      "spearman": 0.7642462300400913,
      "pearson": 0.8639464461089916,
      "r2": 0.7432984601476211,
      "mae": 0.5421686746987951,
      "spearman_ci95": [
        0.6329559742577915,
        0.865063021395908
      ],
      "pearson_ci95": [
        0.7871157968633098,
        0.9172964102821759
      ],
      "r2_ci95": [
        0.5781301691737645,
        0.8262195207135347
      ],
      "mae_ci95": [
        0.37349397590361444,
        0.7140060240963854
      ]
    }
  },
  "classification": {
    "tls": {
      "precision": 0.8231292517006803,
      "recall": 0.9758064516129032,
      "f1": 0.8929889298892989,
      "balanced_acc": 0.6783794162826421,
      "n_pos": 124,
      "n_neg": 42,
      "tp": 121,
      "fp": 26,
      "fn": 3,
      "tn": 16,
      "auroc": 0.9088901689708141,
      "auprc": 0.9637237055278433
    },
    "gc": {
      "precision": 0.7560975609756098,
      "recall": 0.7948717948717948,
      "f1": 0.775,
      "balanced_acc": 0.85806581869574,
      "n_pos": 39,
      "n_neg": 127,
      "tp": 31,
      "fp": 10,
      "fn": 8,
      "tn": 117,
      "auroc": 0.873107207752877,
      "auprc": 0.7611702533557864
    }
  },
  "fp_rate": {
    "tls_fp_rate": 0.6190476190476191,
    "tls_fp_count": 26,
    "tls_mean_pred_per_neg": 1.4761904761904763,
    "gc_fp_rate": 0.023809523809523808,
    "gc_fp_count": 1,
    "gc_mean_pred_per_neg": 0.023809523809523808,
    "n_neg_slides": 42
  },
  "buckets": {
    "tls_3class": {
      "labels": [
        "0",
        "1-5",
        "6+"
      ],
      "confusion_matrix": [
        [
          16,
          24,
          2
        ],
        [
          3,
          31,
          14
        ],
        [
          0,
          6,
          70
        ]
      ],
      "per_bin": {
        "0": {
          "n_slides_gt": 42,
          "precision": 0.8421052631578947,
          "recall": 0.38095238095238093,
          "f1": 0.5245901639344263
        },
        "1-5": {
          "n_slides_gt": 48,
          "precision": 0.5081967213114754,
          "recall": 0.6458333333333334,
          "f1": 0.5688073394495413
        },
        "6+": {
          "n_slides_gt": 76,
          "precision": 0.813953488372093,
          "recall": 0.9210526315789473,
          "f1": 0.8641975308641974
        }
      },
      "macro_f1": 0.6525316780827216,
      "balanced_acc": 0.649279448621554
    },
    "tls_4class": {
      "labels": [
        "0",
        "1-3",
        "4-10",
        "11+"
      ],
      "confusion_matrix": [
        [
          16,
          20,
          6,
          0
        ],
        [
          2,
          21,
          11,
          0
        ],
        [
          1,
          3,
          22,
          20
        ],
        [
          0,
          0,
          4,
          40
        ]
      ],
      "per_bin": {
        "0": {
          "n_slides_gt": 42,
          "precision": 0.8421052631578947,
          "recall": 0.38095238095238093,
          "f1": 0.5245901639344263
        },
        "1-3": {
          "n_slides_gt": 34,
          "precision": 0.4772727272727273,
          "recall": 0.6176470588235294,
          "f1": 0.5384615384615384
        },
        "4-10": {
          "n_slides_gt": 46,
          "precision": 0.5116279069767442,
          "recall": 0.4782608695652174,
          "f1": 0.49438202247191015
        },
        "11+": {
          "n_slides_gt": 44,
          "precision": 0.6666666666666666,
          "recall": 0.9090909090909091,
          "f1": 0.7692307692307692
        }
      },
      "macro_f1": 0.581666123524661,
      "balanced_acc": 0.5964878046080092
    },
    "gc_2class": {
      "labels": [
        "0",
        "\u22651"
      ],
      "confusion_matrix": [
        [
          117,
          10
        ],
        [
          8,
          31
        ]
      ],
      "per_bin": {
        "0": {
          "n_slides_gt": 127,
          "precision": 0.936,
          "recall": 0.9212598425196851,
          "f1": 0.9285714285714286
        },
        "\u22651": {
          "n_slides_gt": 39,
          "precision": 0.7560975609756098,
          "recall": 0.7948717948717948,
          "f1": 0.7749999999999999
        }
      },
      "macro_f1": 0.8517857142857143,
      "balanced_acc": 0.85806581869574
    }
  }
}