{"val/precision":0.35516224188581025,"_timestamp":1.7772501919300363e+09,"best_epoch":36,"train/recall":0.9285484390071957,"_runtime":5438,"val/loss":0.01751168631017208,"_step":45,"final_recall":0.368235294115481,"best_f1":0.3653341064659344,"val/fn":1098,"train/precision":0.6099365750522093,"val/tp":602,"lr":1.6692711016248827e-05,"train/loss":0.004781112814617975,"_wandb":{"runtime":5438},"val/n_selected":1695,"train/f1":0.7362511117121616,"val/recall":0.3541176470567405,"val/fp":1093,"final_precision":0.36247828604306614,"val/f1":0.3546391702556537,"epoch":46}